,id_disciplina,nome_componete_curricular,taxa_reprov,n
0,27625,GEOGRAFIA DA PARAÍBA,0.7333333333333333,90
1,27628,PLANEJAMENTO DE ATIVIDADES TURÍSTICAS,0.7222222222222222,90
2,27629,PRIMEIROS SOCORROS,0.7222222222222222,90
3,27620,ÉTICA PROFISSIONAL,0.7222222222222222,90
4,27627,PATRIMÔNIO HISTÓRICO CULTURAL,0.7111111111111111,90
5,27626,HISTÓRIA DA PARAÍBA,0.7111111111111111,90
6,28914,PROJETO INTEGRADOR (INGLÊS BÁSICO),0.7073170731707317,41
7,28913,INGLÊS BÁSICO,0.6829268292682927,41
8,27002,DIVERSIDADE LINGUÍSTICA E DIVERSIDADE CULTURAL,0.6697247706422018,109
9,27623,COMUNICAÇÃO E LINGUAGEM,0.6666666666666666,90
10,27001,INGLÊS INTERMEDIÁRIO II,0.6635514018691588,107
11,27624,INGLÊS APLICADO A SERVIÇOS TURÍSTICOS,0.6444444444444445,90
12,27621,MEIO AMBIENTE E DESENVOLVIMENTO,0.6111111111111112,90
13,25661,REDES DE COMPUTADORES,0.591304347826087,115
14,27622,GEOGRAFIA E TURISMO,0.5888888888888889,90
15,26999,"GLOBALIZAÇÃO, IMPERIALISMO LINGUÍSTICO E LÍNGUA INGLESA",0.5727272727272728,110
16,18629,LÍNGUA PORTUGUESA - 1º ANO - PROEJA,0.5714285714285714,119
17,18658,SOCIOLOGIA - 1º ANO - PROEJA,0.5645161290322581,124
18,26998,INGLÊS INTERMEDIÁRIO I,0.5605095541401274,157
19,18664,INFORMÁTICA - 1º ANO - PROEJA,0.5555555555555556,117
20,18646,QUÍMICA - 1º ANO - PROEJA,0.5537190082644629,121
21,18643,FÍSICA - 1º ANO - PROEJA,0.5508474576271186,118
22,27403,TOPOGRAFIA APLICADA AO PAISAGISMO,0.5454545454545454,88
23,25662,LÓGICA DE PROGRAMAÇÃO,0.5363636363636364,110
24,18637,MATEMÁTICA - 1º ANO - PROEJA,0.5344827586206896,116
25,18640,BIOLOGIA - 1º ANO - PROEJA,0.5338983050847458,118
26,27003,PROJETO INTEGRADOR,0.5333333333333333,75
27,18718,ECOLOGIA E QUALIDADE DE AMBIENTES AQUÁTICOS EM PISCICULTURA,0.5217391304347826,46
28,18649,HISTÓRIA - 1º ANO - PROEJA,0.5163934426229508,122
29,18652,GEOGRAFIA - 1º ANO - PROEJA,0.5126050420168067,119
30,18635,ARTE - 1º ANO - PROEJA,0.5084745762711864,118
31,25633,LINGUAGEM VISUAL,0.5045045045045045,111
32,27924,PRIMEIROS SOCORROS,0.5,50
33,26987,EMPREENDEDORISMO,0.5,68
34,18722,ALEVINAGEM,0.5,46
35,25634,IRRIGAÇÃO E DRENAGEM APLICADAS AO PAISAGISMO,0.5,82
36,27084,NOÇÕES DE PESQUISA,0.497907949790795,239
37,27103,SISTEMAS EM INFORMAÇÕES EM SAÚDE I,0.49295774647887325,71
38,27091,SAÚDE E SEGURANÇA NO TRABALHO,0.4899598393574297,249
39,18655,FILOSOFIA - 1º ANO - PROEJA,0.48739495798319327,119
40,25631,ESTUDO DAS PLANTAS ORNAMENTAIS,0.48695652173913045,115
41,27097,ORGANIZAÇÃO DO PROCESSO DE TRABALHO EM REGISTROS E INFORMAÇÕES EM SAÚDE,0.4857142857142857,210
42,27096,REGISTROS EM SAÚDE,0.48484848484848486,132
43,25659,INGLÊS INSTRUMENTAL,0.4818181818181818,110
44,18724,PROCESSAMENTO DE PEIXES,0.4782608695652174,46
45,18719,INSTALAÇÕES E UTENSÍLIOS PARA O CULTIVO DE PEIXES,0.4782608695652174,46
46,18720,NUTRIÇÃO/ALIMENTAÇÃO DE PEIXES,0.4782608695652174,46
47,18723,MANEJO E ENGORDA DE PEIXES,0.4782608695652174,46
48,27087,PRIMEIROS SOCORROS,0.47368421052631576,209
49,25637,RELAÇÕES HUMANAS E ÉTICA NO TRABALHO,0.4727272727272727,110
50,27088,EDUCAÇÃO POPULAR EM SAÚDE,0.4713656387665198,227
51,26985,MANEJO DE ORDENHA E QUALIDADE DO LEITE,0.47058823529411764,68
52,25630,FUNDAMENTOS DE BOTÂNICA E ECOLOGIA,0.46788990825688076,109
53,27086,INFORMÁTICA EM SAÚDE I,0.4661016949152542,236
54,26533,INTRODUÇÃO À INFORMÁTICA,0.4639175257731959,97
55,25638,MICROPAISAGISMO,0.4574468085106383,94
56,27100,INFORMÁTICA EM SAÚDE II,0.45454545454545453,99
57,25639,PROJETOS I,0.45161290322580644,93
58,27975,INFORMÁTICA EM SAÚDE,0.45098039215686275,51
59,26996,ÉTICA E EMPREENDEDORISMO,0.4444444444444444,117
60,26995,USO DE ABELHAS SEM FERRÃO PARA POLINIZAÇÃO DE CULTURAS AGRÍCOLAS,0.4444444444444444,117
61,26994,"PRODUTOS DOS MELIPONÍNEOS, MEL, PÓLEN, GEOPRÓPOLIS E NOVAS COLÔNIAS",0.4444444444444444,117
62,26990,SISTEMA DE CRIAÇÃO RACIONAL DAS ABELHAS SEM FERRÃO,0.4444444444444444,117
63,27929,BIOSSEGURANÇA NAS AÇÕES EM SAÚDE,0.4423076923076923,52
64,27970,TERRITORIALIZAÇÃO EM SAÚDE,0.4423076923076923,52
65,26983,MANEJO SANITÁRIO,0.4411764705882353,68
66,26953,PÓS-COLHEITA,0.4305555555555556,288
67,26992,LEGISLAÇÃO VIGENTE PARA CRIAÇÃO DAS ESPÉCIES MAIS PRODUTIVAS,0.42735042735042733,117
68,25640,MANEJO DO SOLO,0.4266666666666667,75
69,26982,VACAS EM PRODUÇÃO,0.4264705882352941,68
70,27000,ÉTICA E CIDADANIA,0.421875,128
71,25635,IMPLANTAÇÃO DE JARDINS E DE PLANTAS ORNAMENTAIS,0.42168674698795183,83
72,25668,REDES AVANÇADAS,0.42105263157894735,38
73,25670,PROJETO DE REDES DE COMPUTADORES,0.42105263157894735,38
74,27085,BIOSSEGURANÇA EM SAÚDE,0.42083333333333334,240
75,18726,ECOLOGIA E QUALIDADE DE AMBIENTES AQUÁTICOS EM CARCINICULTURA,0.41935483870967744,31
76,31316,INTRODUÇÃO À ADMINISTRAÇÃO,0.41304347826086957,46
77,31218,PRÁTICAS APLICADAS À ADMINISTRAÇÃO,0.41304347826086957,46
78,31214,ESTRATÉGIAS DE VENDAS,0.41304347826086957,46
79,18725,"GESTÃO, PLANEJAMENTO, PROJETOS E EXTENSÃO EM PISCICULTURA",0.41304347826086957,46
80,26984,PRODUÇÃO DE PASTAGEM E MANEJO ALIMENTAR,0.4117647058823529,68
81,25667,BANCO DE DADOS,0.41025641025641024,39
82,26991,TÉCNICAS DE MANEJO DAS ABELHAS SEM FERRÃO,0.41025641025641024,117
83,26997,DOENÇAS E INIMIGOS NATURAIS DE ABELHAS SEM FERRÃO,0.41025641025641024,117
84,26976,HORTALIÇAS TUBEROSAS,0.4097222222222222,288
85,27925,O SUS E AS POLÍTICAS PÚBLICAS EM SAÚDE,0.40384615384615385,52
86,27927,ÉTICA PROFISSIONAL E RELAÇÕES INTERPESSOAIS,0.40384615384615385,52
87,27923,SOCIEDADE E CIDADANIA,0.40384615384615385,52
88,18096,INICIAÇÃO À PESQUISA CIENTÍFICA,0.3989071038251366,366
89,18093,NOÇÕES DE ANATOMIA E FISIOLOGIA DO SISTEMA ESTOMATOGNÁTICO,0.3970223325062035,403
90,26972,"SISTEMA ALTERNATIVO DE CRIAÇÃO DE AVES (CAIPIRA, ORNAMENTAIS E CODORNA)",0.39690721649484534,194
91,27930,UNIDADE CURRICULAR DE EXTENSÃO TÉCNICA I,0.39622641509433965,53
92,28188,SEMIOTÉCNICA,0.39622641509433965,159
93,26951,HORTALIÇAS HERBÁCEAS,0.3958333333333333,288
94,25671,PROJETO DE DESENVOLVIMENTO DE SISTEMAS,0.39473684210526316,38
95,25669,MONTAGEM E MANUTENÇÃO,0.39473684210526316,38
96,31319,FINANÇAS BÁSICAS,0.391304347826087,46
97,31315,"NOÇÕES DE EMPRENDEDORISMO, COOPERATIVISMO E ECONOMIA SOLIDÁRIA",0.391304347826087,46
98,25664,LINGUAGEM DE PROGRAMAÇÃO,0.3898305084745763,59
99,26950,HORTALIÇAS FOLHOSAS,0.3888888888888889,288
100,18731,MANEJO E ENGORDA DE CAMARÕES,0.3870967741935484,31
101,18732,PROCESSAMENTO DE CAMARÕES,0.3870967741935484,31
102,18730,CULTIVO DE FITOPLÂNCTON E ZOOPLÂNCTON,0.3870967741935484,31
103,18729,REPRODUÇÃO E LARVICULTURA DE CAMARÕES,0.3870967741935484,31
104,18727,INSTALAÇÕES E UTENSÍLIOS PARA O CULTIVO DE CAMARÕES,0.3870967741935484,31
105,18728,NUTRIÇÃO/ALIMENTAÇÃO DE CAMARÕES,0.3870967741935484,31
106,18734,ECOLOGIA E QUALIDADE DE AMBIENTES AQUÁTICOS EM RANICULTURA,0.38636363636363635,44
107,25666,SERVIÇOS DE REDES,0.38333333333333336,60
108,25665,INTERCONEXÕES DE REDES,0.38333333333333336,60
109,26952,HORTALIÇAS FRUTOS,0.3819444444444444,288
110,25641,IMPLANTAÇÃO E MANUTENÇÃO DE VIVEIROS,0.379746835443038,79
111,27166,NOÇÕES DE CARIOLOGIA,0.3767123287671233,146
112,26974,ABATE E PROCESSAMENTO DE CARNE E QUALIDADE E PROCESSAMENTO DE OVOS DE CONSUMO,0.37628865979381443,194
113,18737,REPRODUÇÃO DE RÃS,0.375,56
114,27089,POLÍTICAS DE SAÚDE I,0.3744292237442922,219
115,22436,GESTÃO DO EMPREENDIMENTO RURAL,0.3707865168539326,89
116,28021,COLETA DE AMOSTRAS SANGUÍNEAS,0.3707865168539326,89
117,28022,UNIDADE CURRICULAR DE EXTENSÃO TÉCNICA I,0.37037037037037035,81
118,28017,INTRODUÇÃO AO SUS,0.3698630136986301,73
119,28014,PRIMEIROS SOCORROS,0.3684210526315789,76
120,25602,LABORATÓRIO DE FÍSICA I,0.367816091954023,87
121,18739,ENGORDA DE RÃS,0.36666666666666664,60
122,18738,GIRINAGEM,0.36666666666666664,60
123,28020,MEIO AMBIENTE E SAÚDE,0.36619718309859156,71
124,27356,FUNDAMENTOS DA ANATOMIA E FISIOLOGIA HUMANA,0.36597938144329895,194
125,28916,CULTURA DOS POVOS DE LÍNGUA INGLESA,0.36585365853658536,41
126,27926,FUNDAMENTOS DO TRABALHO DO AGENTE DE SAÚDE,0.36538461538461536,52
127,18632,EDUCAÇÃO FÍSICA - 1º ANO - PROEJA,0.3644067796610169,118
128,25672,EMPREENDEDORISMO,0.36363636363636365,33
129,18661,ESPANHOL - 1º ANO - PROEJA,0.36363636363636365,88
130,18636,ARTE - 2º ANO - PROEJA,0.36231884057971014,69
131,22428,REPRODUÇÃO E LARVICULTURA DE CAMARÕES,0.3614457831325301,166
132,27393,PRÁTICAS PROFISSIONAIS - AQUICULTURA,0.3611111111111111,36
133,22434,TECNOLOGIA E CONTROLE DE QUALIDADE DO PESCADO,0.36024844720496896,161
134,21166,HIGIENE OCUPACIONAL,0.3590504451038576,337
135,28012,INTRODUÇÃO AO LABORATÓRIO CLÍNICO,0.358974358974359,78
136,25632,TOPOGRAFIA,0.35877862595419846,131
137,27098,EPIDEMIOLOGIA,0.35772357723577236,123
138,28185,INFORMÁTICA EM SAÚDE,0.35714285714285715,126
139,22421,FUNDAMENTOS DE LIMNOLOGIA E OCEANOGRAFIA,0.35625,160
140,27163,MATERIAIS DENTÁRIOS,0.3561643835616438,146
141,26973,ALIMENTOS E ALIMENTAÇÃO DE AVES,0.3556701030927835,194
142,26975,"ÉTICA PROFISSIONAL, EMPREENDEDORISMO E COMERCIALIZAÇÃO DOS PRODUTOS",0.3556701030927835,194
143,27099,BIOESTATÍSTICA,0.3548387096774194,62
144,28013,ANATOMIA E FISIOLOGIA APLICADA,0.3548387096774194,62
145,25601,LABORATÓRIO DE QUÍMICA I,0.35443037974683544,79
146,26981,MANEJO DE BEZERRAS E NOVILHAS,0.35294117647058826,68
147,28019,PSICOLOGIA APLICADA À SAÚDE,0.35135135135135137,74
148,18741,"GESTÃO, PLANEJAMENTO, PROJETOS E EXTENSÃO EM RANICULTURA",0.35,40
149,28018,PATOLOGIA GERAL,0.35,80
150,27094,TERRITÓRIO EM SAÚDE,0.34838709677419355,155
151,31314,ÉTICA E RELAÇÕES INTERPESSOAIS,0.34782608695652173,46
152,25605,LABORATÓRIO DE QUÍMICA II,0.3472222222222222,72
153,22430,MANEJO E ENGORDA DE CAMARÕES,0.34545454545454546,165
154,18097,INTRODUÇÃO AO ESTUDO DOS MATERIAIS DENTÁRIOS,0.3452054794520548,365
155,18668,FITOSSANIDADE,0.3443145589798087,941
156,27167,PROCESSAMENTO DE FILMES RADIOGRÁFICOS,0.3424657534246575,146
157,25603,LABORATÓRIO DE BIOLOGIA I,0.34177215189873417,79
158,21158,PSICOLOGIA DO ENVELHECIMENTO,0.34076433121019106,314
159,27161,SAÚDE BUCAL COLETIVA,0.33986928104575165,153
160,22420,ECOLOGIA AQUÁTICA E SUSTENTABILIDADE,0.33962264150943394,159
161,22437,EXTENSÃO APLICADA À AQUICULTURA,0.3395061728395062,162
162,27090,PSICOLOGIA APLICADA À SAÚDE,0.3389830508474576,236
163,22435,PLANEJAMENTO E ELABORAÇÃO DE PROJETOS,0.3384615384615385,130
164,18627,INFORMÁTICA - 1º ANO,0.3375,480
165,18609,QUÍMICA - 1º ANO,0.33747412008281574,483
166,27110,INTRODUÇÃO À PROFISSÃO,0.33620689655172414,116
167,18678,APICULTURA,0.33520809898762655,889
168,26969,MANEJO DE MATRIZES E INCUBAÇÃO DE OVOS,0.33505154639175255,194
169,26989,ASPECTOS BIOLÓGICOS E ECOLÓGICOS DAS ABELHAS SEM FERRÃO,0.3333333333333333,117
170,25658,INTRODUÇÃO À EDUCAÇÃO A DISTÂNCIA,0.3333333333333333,117
171,27354,COMPOSIÇÃO DOS ALIMENTOS,0.3333333333333333,195
172,22429,BIOLOGIA E CULTIVO DE PLÂNCTON,0.3313253012048193,166
173,28091,ANATOMIA E ESCULTURA DENTAL I,0.32967032967032966,91
174,28093,ANATOMIA E ESCULTURA DENTAL II,0.32954545454545453,88
175,18603,BIOLOGIA - 1º ANO,0.32914046121593293,477
176,27165,NOMENCLATURA E INSTRUMENTAL EM ODONTOLOGIA,0.3291139240506329,158
177,27156,ÉTICA,0.32727272727272727,165
178,31216,PRÁTICAS DE IDENTIFICAÇÃO E ARQUIVAMENTO,0.32608695652173914,46
179,28094,PRÓTESE TOTAL I,0.3258426966292135,89
180,18612,HISTÓRIA - 1º ANO,0.325678496868476,479
181,28090,MATERIAIS DENTÁRIOS,0.3253012048192771,83
182,18615,GEOGRAFIA - 1º ANO,0.325,480
183,25609,LABORATÓRIO DE FÍSICA III,0.3246753246753247,77
184,26980,MANEJO REPRODUTIVO,0.3235294117647059,68
185,26949,PRODUÇÃO DE MUDAS,0.3229166666666667,288
186,27164,BIOSSEGURANÇA E ERGONOMIA NO AMBIENTE ODONTOLÓGICO,0.3219178082191781,146
187,22425,NUTRIÇÃO E ALIMENTAÇÃO DE ORGANISMOS AQUÁTICOS,0.32075471698113206,159
188,25608,LABORATÓRIO DE QUÍMICA III,0.3194444444444444,72
189,27160,GERENCIAMENTO DO CONSULTÓRIO ODONTOLÓGICO E EMPREENDEDORISMO,0.31901840490797545,163
190,22427,ALEVINAGEM E ENGORDA DE PEIXES,0.31875,160
191,28010,INFORMÁTICA E EMPREENDEDORISMO EM SAÚDE,0.3181818181818182,88
192,20445,MICROBIOLOGIA DOS ALIMENTOS,0.31788079470198677,604
193,20443,BIOQUÍMICA BÁSICA,0.3129139072847682,604
194,25610,LABORATÓRIO DE BIOLOGIA III,0.3116883116883117,77
195,28740,LÍNGUA PORTUGUESA - 1º ANO EJA -EPT,0.3108108108108108,74
196,28011,BIOSSEGURANÇA LABORATORIAL,0.30952380952380953,84
197,22438,LEGISLAÇÃO AQUÍCOLA E AMBIENTAL,0.30952380952380953,168
198,22424,CONSTRUÇÕES DE VIVEIROS ESCAVADOS E PEQUENAS EDIFICAÇÕES,0.3090909090909091,165
199,18624,ESPANHOL - 1º ANO,0.3089770354906054,479
200,26978,RAÇAS BOVINAS DE LEITE,0.3088235294117647,68
201,18680,RANICULTURA,0.3086997193638915,1069
202,27159,LEGISLAÇÃO TRABALHISTA,0.30864197530864196,162
203,28113,INFORMÁTICA EM SAÚDE,0.3076923076923077,91
204,28182,MICROBIOLOGIA E PARASITOLOGIA,0.3076923076923077,91
205,18679,CUNICULTURA,0.3074792243767313,1083
206,26971,MANEJO DE CRIAÇÃO DE AVES DE POSTURA,0.30412371134020616,194
207,20440,INTRODUÇÃO À NUTRIÇÃO,0.30318257956448913,597
208,28100,PRÓTESE PARCIAL REMOVÍVEL I,0.30303030303030304,66
209,21163,RELAÇÕES INTERPESSOAIS E EMPREENDEDORISMO,0.3028391167192429,317
210,28187,"HISTÓRIA DA ENFERMAGEM, ÉTICA E LEGISLAÇÃO",0.3028169014084507,142
211,21156,ENVELHECIMENTO HUMANO,0.3025936599423631,347
212,18736,NUTRIÇÃO/ALIMENTAÇÃO DE RÃS,0.3023255813953488,43
213,21160,ANATOMIA E FISIOLOGIA HUMANA NO PROCESSO DE ENVELHECIMENTO,0.3018292682926829,328
214,28760,BIOLOGIA - 1º EJA - EPT,0.3013698630136986,73
215,22423,PATOLOGIA DE ORGANISMOS AQUÁTICOS,0.29878048780487804,164
216,25606,LABORATÓRIO DE FÍSICA II,0.2987012987012987,77
217,25607,LABORATÓRIO DE BIOLOGIA II,0.2987012987012987,77
218,26947,HORTICULTURA GERAL,0.2986111111111111,288
219,18721,REPRODUÇÃO E LARVICULTURA DE PEIXES,0.2978723404255319,188
220,18069,NOÇÕES DE ANATOMIA E FISIOLOGIA HUMANA,0.2971887550200803,498
221,27234,PRÁTICA PROFISSIONAL ORIENTADA I,0.2962962962962963,108
222,27230,MEIOS E MÉTODOS DIAGNÓSTICOS,0.2962962962962963,108
223,27092,PROCESSO DE TRABALHO EM SAÚDE,0.2956521739130435,115
224,18740,PROCESSAMENTO DE RÃS,0.29545454545454547,44
225,28121,PRIMEIROS SOCORROS,0.29545454545454547,88
226,18735,INSTALAÇÕES E UTENSÍLIOS PARA O CULTIVO DE RÃS,0.29545454545454547,44
227,27162,NOÇÕES DE ANATOMIA DENTAL E OCLUSÃO,0.2953020134228188,149
228,27231,MANEJO DE ANIMAIS DE PRODUÇÃO,0.29523809523809524,105
229,26979,BEM-ESTAR ANIMAL,0.29411764705882354,68
230,27095,POLÍTICAS DE SAÚDE II,0.29411764705882354,102
231,18670,TOPOGRAFIA,0.2935528120713306,729
232,25604,METODOLOGIA DO ENSINO DE CIÊNCIAS,0.29333333333333333,75
233,27227,PRINCÍPIOS DA FISIOLOGIA ANIMAL,0.29245283018867924,106
234,22422,BIOLOGIA DE ORGANISMOS AQUÁTICOS,0.2919254658385093,161
235,18669,SILVICULTURA,0.29171528588098017,857
236,26986,ÉTICA E CIDADANIA,0.2916666666666667,48
237,28086,ÉTICA E LEGISLAÇÃO PROFISSIONAL,0.29069767441860467,86
238,28092,OCLUSÃO,0.29069767441860467,86
239,25600,INFORMÁTICA APLICADA AO ENSINO DE CIÊNCIAS,0.29069767441860467,86
240,18733,"GESTÃO, PLANEJAMENTO, PROJETOS E EXTENSÃO EM CARCINICULTURA",0.2903225806451613,31
241,18667,OLERICULTURA,0.29022988505747127,1044
242,18666,JARDINAGEM,0.28776978417266186,695
243,28751,GEOGRAFIA - 1º ANO EJA - EPT,0.2876712328767123,73
244,28780,"GEOGRAFIA, REGIONALIDADES E TURISMO",0.2876712328767123,73
245,28766,SOCIOLOGIA - 1º ANO EJA - EPT,0.2876712328767123,73
246,28775,ATIVIDADE INTEGRADORA DAS CIÊNCIAS DA NATUREZA E MATEMTÁTICA I,0.2876712328767123,73
247,22433,RECRIA DE RÃS (ENGORDA),0.2866666666666667,150
248,28181,ANATOMIA E FISIOLOGIA HUMANA,0.2857142857142857,119
249,28122,PATOLOGIAS E AGRAVOS NA GERIATRIA I,0.2857142857142857,98
250,18104,PRÓTESE PARCIAL REMOVÍVEL I,0.28444444444444444,225
251,31318,DIREITOS E DEVERES DO TRABALHADOR,0.2826086956521739,46
252,28087,INFORMÁTICA EM SAÚDE,0.2823529411764706,85
253,26988,A IMPORTÂNCIA AMBIENTAL E ECONÔMICA DA ABELHA SEM FERRÃO,0.28205128205128205,117
254,28123,CUIDADOS NA PESSOA IDOSA,0.28125,96
255,28186,SAÚDE COLETIVA,0.2805755395683453,139
256,18098,ANATOMIA E ESCULTURA DENTAL I,0.2801556420233463,257
257,22432,CRIAÇÃO DE GIRINOS (GIRINAGEM),0.28,150
258,20438,ANATOMIA E FISIOLOGIA APLICADAS À NUTRIÇÃO,0.2798053527980535,411
259,28116,ÉTICA PROFISSIONAL E RELAÇÕES INTERPESSOAIS,0.27956989247311825,93
260,22419,INTRODUÇÃO À AQUICULTURA,0.2795031055900621,161
261,18694,ORGANIZAÇÃO AGROINDUSTRIAL,0.2782101167315175,514
262,18695,INTRODUÇÃO À CIÊNCIA E TECNOLOGIA DE ALIMENTOS,0.2770137524557957,509
263,18095,BIOSSEGURANÇA E ERGONOMIA NO LABORATÓRIO DE PRÓTESE DENTÁRIA,0.27635327635327633,351
264,27093,ÉTICA PROFISSIONAL,0.27631578947368424,152
265,27232,ZOOTECNIA GERAL,0.2761904761904762,105
266,20176,PRIMEIROS SOCORROS,0.2756183745583039,283
267,28125,UNIDADE CURRICULAR DE EXTENSÃO TÉCNICA I,0.27472527472527475,91
268,28782,ATIVIDADE INTEGRADORA I DO TEMPO COMUNIDADE OU TRABALHO,0.273972602739726,73
269,28743,LÍNGUA INGLESA - 1º ANO EJA - EPT,0.273972602739726,73
270,28783,INFORMÁTICA BÁSICA,0.273972602739726,73
271,28779,MEIO AMBIENTE E DESENVOLVIMENTO  SUSTENTÁVEL,0.273972602739726,73
272,28183,BIOSSEGURANÇA NOS SERVIÇOS DE SAÚDE,0.2727272727272727,132
273,18094,ÉTICA E LEGISLAÇÃO,0.2717391304347826,368
274,18681,PISCICULTURA,0.26895119418483904,963
275,27225,DIREITOS HUMANOS E CIDADANIA,0.26851851851851855,108
276,20189,BIOLOGIA CELULAR,0.26811594202898553,276
277,18606,FÍSICA - 1º ANO,0.26756352765321373,669
278,27101,ANATOMIA HUMANA E TERMINOLOGIA EM SAÚDE,0.2636363636363636,110
279,27321,REDAÇÃO TÉCNICO-CIENTÍFICA,0.2631578947368421,342
280,28030,UNIDADE CURRICULAR DE EXTENSÃO TÉCNICA II,0.26229508196721313,61
281,26963,TRABALHO DE CONCLUSÃO DE CURSO (TCC),0.26229508196721313,61
282,27158,PSICOLOGIA APLICADA A ODONTOLOGIA,0.26143790849673204,153
283,21161,PREVENÇÃO DE ACIDENTES DOMÉSTICOS E PRIMEIROS SOCORROS,0.2604166666666667,288
284,28781,COMUNICAÇÃO E LINGUAGEM,0.2602739726027397,73
285,28754,QUÍMICA - 1º ANO EJA - EPT,0.2602739726027397,73
286,28748,HISTÓRIA - 1º ANO EJA - EPT,0.2602739726027397,73
287,28772,ATIVIDADE INTEGRADORA DAS CIÊNCIAS HUMANAS E SUAS TECNOLOGIAS I,0.2602739726027397,73
288,18672,SOLOS,0.26022727272727275,880
289,27233,GESTÃO DO TRABALHO PARA ATENDIMENTO AO PÚBLICO,0.25925925925925924,108
290,21167,INFORMÁTICA NA ATENÇÃO A PESSOA IDOSA,0.2589641434262948,251
291,27228,NOÇÕES BÁSICAS DA ANATOMIA ANIMAL,0.2571428571428571,105
292,18621,SOCIOLOGIA - 1º ANO,0.25705794947994054,673
293,27401,EXTENSÃO RURAL E EMPREENDEDORISMO,0.25668449197860965,187
294,18600,MATEMÁTICA - 1º ANO,0.2548435171385991,671
295,18592,LÍNGUA PORTUGUESA - 1º ANO,0.25411061285500747,669
296,28016,BIOÉTICA E LEGISLAÇÃO PROFISSIONAL,0.25301204819277107,83
297,27157,NOÇÕES DE PRIMEIROS SOCORROS,0.2529411764705882,170
298,21154,O CUIDADO E O CUIDADOR,0.2529411764705882,340
299,27355,ÉTICA E ORIENTAÇÃO PROFISSIONAL,0.2529411764705882,170
300,18066,NOÇÕES DE PRIMEIROS SOCORROS,0.25091799265605874,817
301,22431,REPRODUÇÃO DE RÃS,0.25,148
302,18691,FATORES DE PRODUÇÃO ANIMAL,0.2485207100591716,507
303,20442,CONTROLE HIGIÊNICO-SANITÁRIO DOS ALIMENTOS,0.24848484848484848,495
304,21170,FARMACOLOGIA BÁSICA,0.24796747967479674,246
305,18071,EDUCAÇÃO EM SAÚDE,0.2469733656174334,826
306,25599,SEGURANÇA E HIGIENE DO LABORATÓRIO,0.24691358024691357,81
307,18673,IRRIGAÇÃO E DRENAGEM,0.246684350132626,754
308,28769,ATIVIDADE INTEGRADORA DAS LINGUAGENS I,0.2465753424657534,73
309,18692,FATORES DE PRODUÇÃO VEGETAL,0.24603174603174602,504
310,25598,ÉTICA PROFISSIONAL E RELAÇÕES INTERPESSOAIS,0.24390243902439024,82
311,27109,TCC CTRIS,0.24390243902439024,41
312,21162,BIOÉTICA E ESPIRITUALIDADE,0.24358974358974358,312
313,28107,PRÓTESE PARCIAL FIXA III,0.24324324324324326,37
314,26948,LEGISLAÇÃO DA PRODUÇÃO ORGÂNICA,0.24305555555555555,288
315,20179,ÉTICA EM SAÚDE,0.241635687732342,269
316,27226,LEGISLAÇÃO E ÉTICA PROFISSIONAL,0.24074074074074073,108
317,18099,OCLUSÃO,0.24041811846689895,287
318,18700,FUNDAMENTOS DA NUTRIÇÃO,0.23932926829268292,656
319,18074,INTRODUÇÃO À MICROINFORMÁTICA,0.23921085080147966,811
320,20444,BROMATOLOGIA,0.2375,400
321,18598,ARTE - 1º ANO,0.23564954682779457,662
322,28736,ARTE - 1° ANO EJA - EPT,0.23529411764705882,68
323,21157,PROCESSO SAÚDE E DOENÇA,0.23509933774834438,302
324,27350,EXTENSÃO RURAL E EMPREENDEDORISMO,0.2345679012345679,81
325,18618,FILOSOFIA - 1º ANO,0.23407407407407407,675
326,27155,AMBIENTAÇÃO NA EDUCAÇÃO À DISTÂNCIA,0.23391812865497075,171
327,25663,APLICATIVOS E INTERNET,0.23333333333333334,60
328,26954,ÉTICA E EMPREENDEDORISMO NA HORTICULTURA ORGÂNICA,0.2326388888888889,288
329,25649,ARBORIZAÇÃO URBANA,0.23214285714285715,56
330,20188,EDUCAÇÃO EM SAÚDE,0.23137254901960785,255
331,28085,SAÚDE BUCAL COLETIVA,0.23076923076923078,78
332,25648,PROJETOS II,0.22727272727272727,44
333,25652,DESENHO AUXILIADO POR COMPUTADOR,0.22641509433962265,53
334,27400,SEGURANÇA DO TRABALHO,0.22641509433962265,53
335,28117,ANATOMIA E FISIOLOGIA HUMANA,0.2261904761904762,84
336,27229,INTRODUÇÃO À EPIDEMIOLOGIA E AO CONTROLE DE ZOONOSES,0.22580645161290322,93
337,27105,PLANEJAMENTO EM SAÚDE,0.22413793103448276,58
338,27083,AMBIENTAÇÃO DO ENSINO À DISTÂNCIA,0.2236842105263158,228
339,25650,LICENCIAMENTO E LEGISLAÇÃO AMBIENTAL,0.2222222222222222,45
340,28114,ENVELHECIMENTO HUMANO,0.2222222222222222,90
341,25647,MACROPAISAGISMO,0.2222222222222222,45
342,27104,PRÁTICAS INTEGRADAS DE REGISTO E INFORMAÇÕES EM SAÚDE I,0.21818181818181817,55
343,29090,ORGANIZAÇÃO E FUNCIONAMENTO DA FARMÁCIA,0.21641791044776118,134
344,29091,EMPREENDEDORISMO E MERCADO DO TRABALHO,0.21641791044776118,134
345,28118,PROCESSO SAÚDE E DOENÇA,0.21568627450980393,102
346,28184,PRIMEIROS SOCORROS,0.21323529411764705,136
347,18087,INTRODUÇÃO À PRÓTESE DENTÁRIA,0.2127659574468085,376
348,28189,TÓPICOS INTEGRADORES I,0.21153846153846154,104
349,20182,ANATOMIA E FISIOLOGIA HUMANA,0.21074380165289255,242
350,28119,POLÍTICAS PÚBLICAS E ENVELHECIMENTO,0.20930232558139536,86
351,18072,PSICOLOGIA APLICADA À SAÚDE,0.20909090909090908,440
352,28024,HORMONIOLOGIA,0.20754716981132076,53
353,18675,MECANIZAÇÃO AGRÍCOLA,0.2062146892655367,708
354,26970,MANEJO DE CRIAÇÃO DE AVES DE CORTE,0.20618556701030927,194
355,21174,CONSTRUÇÃO DO TCC I,0.20614035087719298,228
356,28025,PARASITOLOGIA,0.20588235294117646,34
357,25646,ELEMENTOS ARQUITETÔNICOS E ILUMINAÇÃO DE JARDINS,0.20454545454545456,44
358,27397,FORRAGICULTURA,0.20454545454545456,44
359,28015,BIOLOGIA CELULAR,0.20408163265306123,49
360,18173,NOÇÕES DE PESQUISA EM ENFERMAGEM,0.2025,400
361,20180,METODOLOGIA CIENTÍFICA,0.2017167381974249,233
362,29089,DISPENSAÇÃO DE PRODUTOS FARMACÊUTICOS,0.20149253731343283,134
363,18595,EDUCAÇÃO FÍSICA - 1º ANO,0.2,480
364,20197,HORMONIOLOGIA I,0.1991869918699187,246
365,20206,ETICA PROFISSIONAL E LEGISLAÇÃO,0.19915254237288135,236
366,28115,PSICOLOGIA DO ENVELHECIMENTO,0.19767441860465115,86
367,28745,MATEMÁTICA - 1º ANO EJA - EPT,0.19696969696969696,66
368,31317,COMUNICAÇÃO E REDAÇÃO EMPRESARIAL,0.1956521739130435,46
369,27107,SISTEMAS DE INFORMAÇÕES EM SAÚDE II,0.1951219512195122,41
370,21155,PRÁTICA INTEGRADA AO CUIDADO,0.19463087248322147,298
371,18693,HIGIENE E SANITIZAÇÃO NA AGROINDÚSTRIA,0.1945288753799392,658
372,27406,PRÁTICAS PROFISSIONAIS,0.19444444444444445,72
373,29087,NOÇÕES DE PRIMEIROS SOCORROS,0.19402985074626866,134
374,29088,PROMOÇÃO DA SAÚDE E SEGURANÇA DO TRABALHO,0.19402985074626866,134
375,21169,AGRAVOS E DOENÇAS QUE ACOMETEM A PESSOA IDOSA,0.19383259911894274,227
376,21168,POLÍTICAS PÚBLICAS E ENVELHECIMENTO,0.19230769230769232,234
377,18108,NOÇÕES DE ADMINISTRAÇÃO DOS SERVIÇOS EM LABOLATÓRIO DE PRÓTESE DENTÁRIA,0.19117647058823528,272
378,21171,NUTRIÇÃO E ENVELHECIMENTO,0.19117647058823528,204
379,25645,PLANEJAMENTO E GESTÃO,0.19047619047619047,42
380,28027,HEMATOLOGIA,0.18867924528301888,53
381,20177,INFORMÁTICA E EMPREENDEDORISMO,0.18791946308724833,298
382,28104,UNIDADE DE CURRICULARIZAÇÃO DA EXTENSÃO TECNICA I-TPD,0.1864406779661017,59
383,21173,CUIDADOS COM A SAÚDE DA PESSOA IDOSA I,0.1848341232227488,211
384,18070,"NOÇÕES DE MICROBIOLOGIA, PARASITOLOGIA E IMUNOLOGIA",0.1845102505694761,439
385,18100,PRÓTESE TOTAL I,0.18446601941747573,206
386,20175,BIOSSEGURANÇA LABORATORIAL,0.18315018315018314,273
387,25644,FITOSSANIDADE,0.18181818181818182,33
388,20185,BIOQUIMICA I,0.18095238095238095,210
389,28088,NOÇÕES DE ANATOMIA E FISIOLOGIA DO SISTEMA ESTOMATOGNÁTICO,0.18072289156626506,83
390,29086,NOÇÕES BÁSICAS DE ANATOMIA E FISIOLOGIA HUMANA,0.1791044776119403,134
391,27317,QUÍMICA DE ALIMENTOS,0.17880794701986755,151
392,21175,"ENVELHECIMENTO, SEXUALIDADE E GÊNERO",0.178743961352657,207
393,18699,TECNOLOGIA DE BEBIDAS,0.17777777777777778,495
394,20173,PSICOLOGIA APLICADA À SAÚDE,0.17753623188405798,276
395,18073,ÉTICA EM SAÚDE,0.17647058823529413,459
396,28026,BIOQUÍMICA CLÍNICA,0.17647058823529413,34
397,25643,MANUTENÇÃO DE JARDINS,0.175,40
398,21172,SAÚDE BUCAL E ENVELHECIMENTO,0.17446808510638298,235
399,21176,CONSTRUÇÃO DO TCC II,0.17415730337078653,178
400,20204,HORMONIOLOGIA II,0.17410714285714285,224
401,27106,DIREITO E LEGISLAÇÃO NA SAÚDE,0.17391304347826086,46
402,27405,PROJETOS AGROPECUÁRIOS,0.17391304347826086,92
403,20178,PARASITOLOGIA I,0.17316017316017315,231
404,25642,EMPREENDEDORISMO,0.17307692307692307,52
405,20187,QUÍMICA GERAL E PREPARO DE SOLUÇÕES,0.17194570135746606,221
406,25855,AMBIENTAÇÃO NA EDUCAÇÃO A DISTÂNCIA,0.1718377088305489,419
407,20456,ÉTICA PROFISSIONAL,0.1717557251908397,262
408,29084,ÉTICA E RELAÇÕES INTERPESSOAIS,0.17164179104477612,134
409,28136,GERONTECNOLOGIA,0.17142857142857143,35
410,18698,TECNOLOGIA DO AÇÚCAR,0.170316301703163,411
411,18705,EMBALAGEM E ADITIVOS,0.16966580976863754,389
412,21177,CONTAÇÃO E AUDIÇÃO DE HISTÓRIAS: ESTIMULANDO A MEMÓRIA ANCESTRAL,0.1693121693121693,189
413,21180,"LAZER, ATIVIDADE FÍSICA E LABORATIVAS",0.16842105263157894,190
414,20199,HISTOLOGIA E PROCESSAMENTO DE TECIDOS I,0.16826923076923078,208
415,18703,TECNOLOGIA DE PRODUTOS DE LIMPEZA E HIGIENE,0.16709511568123395,389
416,28108,PRÓTESE PARCIAL FIXA IV,0.16666666666666666,36
417,28089,BIOSSEGURANÇA E ERGONOMIA NO LABORATÓRIO DE PRÓTESE DENTÁRIA,0.16666666666666666,84
418,28738,EDUCAÇÃO FÍSICA  - 1º ANO EJA - EPT,0.16666666666666666,66
419,21178,CUIDADOS COM A SAÚDE DA PESSOA IDOSA II,0.16574585635359115,181
420,29085,PORTUGUÊS INSTRUMENTAL,0.16417910447761194,134
421,18175,FUNDAMENTOS EM ENFERMAGEM I,0.16317016317016317,429
422,28106,ORTODONTIA LABORATORIAL II,0.16279069767441862,43
423,18689,GESTÃO E EXTENSÃO RURAL,0.162109375,512
424,26977,GESTÃO DA PROPRIEDADE FAMILIAR,0.16176470588235295,68
425,27316,PRODUÇÃO VEGETAL,0.16083916083916083,143
426,20174,MEIO AMBIENTE E SAÚDE,0.15925925925925927,270
427,27324,TECNOLOGIA DOS DERIVADOS DA CANA-DE-AÇÚCAR,0.15753424657534246,146
428,18176,INFORMÁTICA APLICADA À ENFERMAGEM,0.1568627450980392,357
429,27409,GESTÃO E EMPREENDEDORISMO RURAL,0.15625,32
430,20183,TÉCNICAS DE COLETA DE AMOSTRAS BIOLÓGICAS,0.15510204081632653,245
431,18174,LEGISLAÇÃO EM ENFERMAGEM,0.1540130151843818,461
432,27315,PRODUÇÃO ANIMAL,0.15384615384615385,143
433,18079,ANATOMIA E ESCULTURA DENTAL II,0.1518324607329843,191
434,28757,FÍSICA - 1º ANO EJA - EPT,0.15151515151515152,66
435,27357,BIOQUÍMICA DOS ALIMENTOS,0.15151515151515152,99
436,28028,URINÁLISE E FLUIDOS CORPORAIS,0.1509433962264151,53
437,28124,EMPREENDEDORISMO,0.1506849315068493,73
438,18704,ANÁLISE MICROBIOLÓGICA,0.1487603305785124,363
439,18101,PROTESE FIXA I,0.14857142857142858,175
440,20294,ENFERMAGEM CIRÚRGICA,0.14836795252225518,337
441,20190,HEMATOLOGIA I,0.14814814814814814,216
442,28097,PRÓTESE TOTAL II,0.14634146341463414,41
443,18269,ESTÁGIO SUPERVISIONADO OCLUSÃO,0.14553990610328638,213
444,18106,ORTODONTIA LABORATORIAL,0.1452513966480447,179
445,18684,SUINOCULTURA,0.1439509954058193,653
446,20196,BIOLOGIA MOLECULAR I,0.143646408839779,181
447,20193,HEMATOLOGIA II,0.14356435643564355,202
448,28103,PRÁTICA LABORATORIAL INTEGRADA I,0.14285714285714285,42
449,28096,NOÇÕES DE METODOLOGIA CIENTÍFICA,0.14285714285714285,63
450,27359,NUTRIÇÃO NOS CICLOS DA VIDA,0.14285714285714285,98
451,20447,PLANEJAMENTO DE REFEIÇÕES,0.13953488372093023,387
452,27398,OVINOCAPRINOCULTURA,0.13846153846153847,65
453,28200,ENFERMAGEM EM SAÚDE MENTAL,0.13636363636363635,44
454,25651,"MÁQUINAS, IMPLEMENTOS E FERRAMENTAS PARA JARDINAGEM",0.13636363636363635,44
455,21179,EMERGÊNCIA GERIÁTRICA,0.13636363636363635,198
456,18685,AVICULTURA,0.13615023474178403,639
457,20292,ENFERMAGEM CLÍNICA,0.1359773371104816,353
458,18676,COLHEITA E PÓS-COLHEITA,0.13443830570902393,1086
459,20186,PARASITOLOGIA II,0.13432835820895522,201
460,20457,ADMINISTRAÇÃO EM UNIDADES PRODUTORAS DE REFEIÇÕES,0.13278008298755187,241
461,20201,HISTOLOGIA E PROCESSAMENTO DE TECIDOS II,0.13259668508287292,181
462,25636,SEGURANÇA DO TRABALHO,0.13142857142857142,350
463,18697,TECNOLOGIA DE CEREAIS E PANIFICAÇÃO,0.13138686131386862,411
464,27319,CONSERVAÇÃO DE PRODUTOS AGROINDUSTRIAIS,0.13013698630136986,146
465,20202,CONTROLE DE QUALIDADE LABORATORIAL,0.13,200
466,18702,TECNOLOGIA DE PROCESSAMENTO DE RAÇÃO,0.12878787878787878,396
467,27237,ASSISTÊNCIA CIRÚRGICA,0.12857142857142856,70
468,27236,ASSISTÊNCIA MÉDICA VETERINÁRIA E AMBULATORIAL,0.12857142857142856,70
469,27238,MANEJO DE ANIMAIS PETS,0.12857142857142856,70
470,27243,PRÁTICA PROFISSIONAL ORIENTADA II,0.12857142857142856,70
471,27241,REPRODUÇÃO E AUXÍLIO OBSTÉTRICO,0.12857142857142856,70
472,27240,BASES DA FARMACOLOGIA E TERAPÊUTICA VETERINÁRIA,0.12857142857142856,70
473,18683,PASTAGEM,0.12770137524557956,509
474,27343,FITOSSANIDADE,0.12745098039215685,102
475,28193,METODOLOGIA CIENTÍFICA,0.12727272727272726,55
476,18682,CONSTRUÇÕES RURAIS,0.1268882175226586,662
477,28196,ENFERMAGEM EM SAÚDE DA CRIANÇA E DO ADOLESCENTE,0.125,72
478,28029,BIOLOGIA MOLECULAR,0.125,32
479,20446,NUTRIÇÃO E SAÚDE COLETIVA,0.1245674740484429,289
480,20453,AVALIAÇÃO NUTRICIONAL,0.12448132780082988,241
481,20452,EDUCAÇÃO NUTRICIONAL,0.12448132780082988,241
482,20454,PATOLOGIA DA NUTRIÇÃO E DIETOTERAPIA,0.12448132780082988,241
483,18674,FRUTICULTURA,0.12350597609561753,502
484,18653,GEOGRAFIA - 2º ANO - PROEJA,0.12244897959183673,49
485,27358,NUTRIÇÃO E SAÚDE COLETIVA,0.12244897959183673,98
486,27360,TÉCNICA DIETÉTICA,0.12244897959183673,98
487,27325,TECNOLOGIA DE RAÇÕES,0.12213740458015267,131
488,20451,NUTRIÇÃO E DIETÉTICA,0.12195121951219512,287
489,27108,PRÁTICAS INTEGRADAS DE REGISTO E INFORMAÇÕES EM SAÚDE II,0.12121212121212122,33
490,29083,AMBIENTAÇÃO NA EDUCAÇÃO A DISTÂNCIA,0.11940298507462686,134
491,27347,CULTURAS AGRÍCOLAS,0.11904761904761904,126
492,21159,LINGUAGEM E PRÁTICA DISCURSIVA,0.11877394636015326,261
493,20449,PSICOLOGIA APLICADA Á NUTRIÇÃO,0.11781609195402298,348
494,20198,IMUNOLOGIA I,0.11764705882352941,204
495,27332,CONTROLE DE QUALIDADE NA AGROINDÚSTRIA,0.11764705882352941,51
496,27235,BIOSSEGURANÇA E SEGURANÇA DO TRABALHO,0.11764705882352941,68
497,20181,MICROBIOLOGIA I,0.11734693877551021,196
498,28201,ENFERMAGEM CIRÚRGICA I,0.11627906976744186,43
499,20450,TÉCNICA DIETÉTICA,0.11458333333333333,288
500,27242,VIGILÂNCIA SANITÁRIA E SAÚDE PÚBLICA,0.11428571428571428,70
501,18714,CONTROLE DE QUALIDADE NA AGROINDÚSTRIA,0.11363636363636363,308
502,18688,PLANEJAMENTO E PROJETOS,0.1127659574468085,470
503,20448,SEGURANÇA DO TRABALHO,0.11149825783972125,287
504,18677,CULTURAS,0.11088709677419355,496
505,20290,FUNDAMENTOS DE ENFERMAGEM II,0.10863509749303621,359
506,27326,MICROBIOLOGIA DE PRODUTOS AGROINDUSTRIAIS,0.10852713178294573,129
507,28207,TÓPICOS INTEGRADORES II,0.10810810810810811,37
508,20194,BIOQUÍMICA II,0.10752688172043011,186
509,27344,FORRAGICULTURA,0.10714285714285714,84
510,20205,NOÇÕES DE PATOLOGIA GERAL,0.10679611650485436,206
511,20455,BIOQUÍMICA DOS ALIMENTOS,0.10504201680672269,238
512,18105,PRÓTESE FIXA III,0.10457516339869281,153
513,28101,ORTODONTIA LABORATORIAL I,0.10416666666666667,48
514,27239,NUTRIÇÃO ANIMAL,0.10294117647058823,68
515,28763,FILOSOFIA - 1º ANO EJA - EPT,0.10294117647058823,68
516,20195,URINÁLISE II,0.10256410256410256,195
517,18177,BIOÉTICA APLICADA À ENFERMAGEM,0.1021671826625387,323
518,18644,FÍSICA - 2º ANO - PROEJA,0.10204081632653061,49
519,18665,INFORMÁTICA - 2º ANO - PROEJA,0.10204081632653061,49
520,18641,BIOLOGIA - 2º ANO - PROEJA,0.10204081632653061,49
521,18662,ESPANHOL - 2º ANO - PROEJA,0.10204081632653061,49
522,18630,LÍNGUA PORTUGUESA - 2º ANO - PROEJA,0.10204081632653061,49
523,18638,MATEMÁTICA - 2º ANO - PROEJA,0.10204081632653061,49
524,18659,SOCIOLOGIA - 2º ANO - PROEJA,0.10204081632653061,49
525,18647,QUÍMICA - 2º ANO - PROEJA,0.10204081632653061,49
526,27396,FRUTICULTURA,0.1016949152542373,59
527,20191,URINÁLISE I,0.10144927536231885,207
528,27351,TOPOGRAFIA,0.1,110
529,28204,ENFERMAGEM EM EMERGÊNCIA,0.1,40
530,27364,UNIDADES PRODUTORAS DE REFEIÇÕES,0.09836065573770492,61
531,18687,CAPRINO-OVINOCULTURA,0.0982532751091703,458
532,27331,COOPERATIVISMO E EMPREENDEDORISMO,0.09803921568627451,51
533,28127,NUTRIÇÃO E ENVELHECIMENTO,0.09803921568627451,51
534,28133,EMERGÊNCIA GERIÁTRICA,0.0967741935483871,62
535,20184,MICROBIOLOGIA II,0.0967741935483871,186
536,28191,ESTÁGIO SUPERVISIONADO I,0.0958904109589041,73
537,18696,TECNOLOGIA DE FRUTAS E HORTALIÇAS,0.09476309226932668,401
538,27348,JARDINAGEM E PAISAGISMO,0.09401709401709402,117
539,18270,ESTÁGIO SUPERVISIONADO ORTODONTIA LABORATORIAL,0.09375,160
540,18707,ANÁLISE SENSORIAL,0.09350649350649351,385
541,27312,QUÍMICA - 1º ANO,0.09278350515463918,194
542,18610,QUÍMICA - 2º ANO,0.09121621621621621,296
543,18708,TECNOLOGIA DE CARNE E DERIVADOS,0.09117647058823529,340
544,18671,INTRODUÇÃO À AGROINDÚSTRIA,0.08928571428571429,560
545,20302,ENFERMAGEM EM SAÚDE COLETIVA,0.08888888888888889,315
546,18604,BIOLOGIA - 2º ANO,0.08881578947368421,304
547,18613,HISTÓRIA - 2º ANO,0.08852459016393442,305
548,18711,GESTÃO AGROINDUSTRIAL,0.08843537414965986,294
549,28197,ENFERMAGEM EM SAÚDE DA MULHER,0.08823529411764706,68
550,20300,ENFERMAGEM EM SAÚDE MENTAL,0.08813559322033898,295
551,20203,IMUNOLOGIA II,0.08791208791208792,182
552,18706,ANÁLISE FÍSICO-QUÍMICA,0.08674698795180723,415
553,29400,PRIMEIROS SOCORROS,0.08571428571428572,35
554,18628,INFORMÁTICA - 2º ANO,0.08496732026143791,306
555,27306,GEOGRAFIA - 1º ANO,0.08333333333333333,192
556,28194,PSICOLOGIA APLICADA À SAÚDE,0.08333333333333333,60
557,27361,AVALIAÇÃO NUTRICIONAL,0.08196721311475409,61
558,27362,EDUCAÇÃO NUTRICIONAL,0.08196721311475409,61
559,20207,BIOLOGIA MOLECULAR II,0.08187134502923976,171
560,18650,HISTÓRIA - 2º ANO - PROEJA,0.08163265306122448,49
561,18656,FILOSOFIA - 2º ANO - PROEJA,0.08163265306122448,49
562,18710,TECNOLOGIA DE PESCADO E DERIVADOS,0.08108108108108109,333
563,20192,CITOLOGIA E LÍQUIDOS CAVITÁRIOS,0.08080808080808081,198
564,27363,PATOLOGIA DA NUTRIÇÃO E DIETOTERAPIA,0.08064516129032258,62
565,20293,ESTÁGIO SUPERVISIONADO I-ENFERMAGEM CLÍNICA,0.07903780068728522,291
566,18107,PRÓTESE PARCIAL REMOVÍVEL II,0.07878787878787878,165
567,27304,LÍNGUA INGLESA - 1º ANO,0.07853403141361257,191
568,27294,LINGUAGEM DA INFORMAÇÃO - 1º ANO,0.078125,192
569,27310,BIOLOGIA - 1º ANO,0.078125,192
570,28120,O CUIDADO NA GERONTOLOGIA,0.07792207792207792,77
571,27346,GESTÃO AMBIENTAL,0.07627118644067797,118
572,28192,FARMACOLOGIA APLICADA À ENFERMAGEM,0.07575757575757576,66
573,27404,TECNOLOGIA DE PRODUTOS AGROPECUÁRIOS,0.07547169811320754,53
574,27349,DEFESA SANITÁRIA E LEGISLAÇÃO,0.075,120
575,28098,PRÓTESE PARCIAL FIXA I,0.075,40
576,27318,BIOQUÍMICA DE PRODUTOS AGROINDUSTRIAIS,0.0743801652892562,121
577,18110,NOÇÕES DE PRÓTESE SOBRE IMPLANTE,0.07432432432432433,148
578,18686,BOVINOCULTURA,0.072265625,512
579,18622,SOCIOLOGIA - 2º ANO,0.07213930348258707,402
580,18103,PRÓTESE FIXA II,0.07096774193548387,155
581,20298,ENFERMAGEM NA SAÚDE DA CRIANÇA E DO ADOLESCENTE,0.07046979865771812,298
582,28198,ENFERMAGEM EM SAÚDE DO ADULTO E IDOSO I,0.07042253521126761,71
583,18607,FÍSICA - 2º ANO,0.06965174129353234,402
584,18616,GEOGRAFIA - 2º ANO,0.0695364238410596,302
585,18645,FÍSICA - 3º ANO - PROEJA,0.06818181818181818,44
586,18648,QUÍMICA - 3º ANO - PROEJA,0.06818181818181818,44
587,28102,PRÓTESE BUCOMAXILOFACIAL LABORATORIAL,0.06779661016949153,59
588,28132,PATOLOGIAS E AGRAVOS NA GERIATRIA II,0.06756756756756757,74
589,27308,HISTÓRIA - 1º ANO,0.06735751295336788,193
590,28095,NOÇÕES DE ADMINISTRAÇÃO E EMPREENDEDORISMO NO LABORATÓRIO DE PRÓTESE DENTÁRIA,0.06666666666666667,60
591,18625,ESPANHOL - 2º ANO,0.06666666666666667,300
592,20295,ESTÁGIO SUPERVISIONADO I- ENFERMAGEM CIRÚRGICA,0.06597222222222222,288
593,28195,TECNOLOGIA APLICADA À ENFERMAGEM,0.06521739130434782,46
594,28210,EMPREENDEDORISMO,0.06451612903225806,31
595,28099,PRÓTESE PARCIAL FIXA II,0.06451612903225806,62
596,27353,PROJETOS AGROPECUÁRIOS,0.06382978723404255,47
597,18713,PROJETOS AGROINDUSTRIAIS,0.06363636363636363,330
598,18267,ESTÁGIO SUPERVISIONADO PRÓTESE FIXA III,0.06293706293706294,143
599,18102,PRÓTESE TOTAL II,0.06289308176100629,159
600,18709,TECNOLOGIA DE LEITE E DERIVADOS,0.0626865671641791,335
601,18593,LÍNGUA PORTUGUESA - 2º ANO,0.059850374064837904,401
602,18701,TECNOLOGIA DE ÓLEOS E GORDURAS,0.059748427672955975,318
603,18111,ESTÁGIO SUPERVISIONADO PRÓTESE TOTAL,0.058823529411764705,153
604,28205,ENFERMAGEM EM SAÚDE DO TRABALHADOR,0.058823529411764705,34
605,28137,PRÁTICA PROFISSIONAL SUPERVISIONADA,0.058823529411764705,34
606,28785,GEOGRAFIA DO BRASIL E DA PARAÍBA,0.058823529411764705,51
607,18716,COOPERATIVISMO,0.05862068965517241,290
608,28129,BIOÉTICA E CUIDADOS PALIATIVOS,0.05714285714285714,70
609,29397,ÉTICA E RELAÇÕES INTERPESSOAIS,0.05714285714285714,35
610,29399,PORTUGUÊS INSTRUMENTAL,0.05714285714285714,35
611,29398,AMBIENTAÇÃO NA EDUCAÇÃO A DISTÂNCIA,0.05714285714285714,35
612,29403,PATOLOGIAS E AGRAVOS NA GERIATRIA,0.05714285714285714,35
613,29404,CUIDADOS COM A PESSOA IDOSA,0.05714285714285714,35
614,29405,EMPREENDEDORISMO E MERCADO DE TRABALHO,0.05714285714285714,35
615,29401,ENVELHECIMENTO HUMANO E O CUIDADOR,0.05714285714285714,35
616,20735,ESTÁGIO SUPERVISIONADO EM SAÚDE COLETIVA,0.05670103092783505,194
617,20734,ESTÁGIO SUPERVISIONADO EM UNIDADE DE NUTRIÇÃO E DIETÉTICA,0.05670103092783505,194
618,18614,HISTÓRIA - 3º ANO,0.055762081784386616,269
619,28134,LAZER E ENVELHECIMENTO,0.05555555555555555,72
620,20200,ESTÁGIO SUPERVISIONADO EM LABORATÓRIO I,0.05421686746987952,166
621,28206,CUIDADOS PALIATIVOS,0.05405405405405406,37
622,18623,SOCIOLOGIA - 3º ANO,0.053763440860215055,279
623,18268,ESTÁGIO SUPERVISIONADO PRÓTESE PARCIAL REMOVÍVEL,0.05263157894736842,152
624,18611,QUÍMICA - 3º ANO,0.05204460966542751,269
625,20733,ESTÁGIO SUPERVISIONADO EM UNIDADE PRODUTORA DE REFEIÇÕES,0.05181347150259067,193
626,18712,ESTUDOS DE VOCAÇÃO REGIONAL,0.051194539249146756,293
627,28130,SAÚDE BUCAL NO ENVELHECIMENTO,0.05,60
628,27328,TECNOLOGIA DO LEITE,0.04938271604938271,81
629,27327,TECNOLOGIA DE CARNES,0.04938271604938271,81
630,18109,PRÓTESE FIXA IV,0.04895104895104895,143
631,18594,LÍNGUA PORTUGUESA - 3º ANO,0.048859934853420196,307
632,18266,ESTÁGIO SUPERVISIONADO PRÓTESE FIXA II,0.04861111111111111,144
633,18620,FILOSOFIA - 3º ANO,0.048507462686567165,268
634,18608,FÍSICA - 3º ANO,0.048507462686567165,268
635,18715,TRATAMENTO DE RESÍDUOS AGROINDUSTRIAIS,0.04844290657439446,289
636,20458,NUTRIÇÃO E GASTRONOMIA,0.046153846153846156,195
637,27313,QUÍMICA - 2º ANO,0.045871559633027525,109
638,18660,SOCIOLOGIA - 3º ANO - PROEJA,0.045454545454545456,44
639,18642,BIOLOGIA - 3º ANO - PROEJA,0.045454545454545456,44
640,18639,MATEMÁTICA - 3º ANO - PROEJA,0.045454545454545456,44
641,18631,LÍNGUA PORTUGUESA - 3º ANO - PROEJA,0.045454545454545456,44
642,18657,FILOSOFIA - 3º ANO - PROEJA,0.045454545454545456,44
643,18654,GEOGRAFIA - 3º ANO - PROEJA,0.045454545454545456,44
644,18651,HISTÓRIA - 3º ANO - PROEJA,0.045454545454545456,44
645,18663,ESPANHOL - 3º ANO - PROEJA,0.045454545454545456,44
646,18617,GEOGRAFIA - 3º ANO,0.045112781954887216,266
647,20732,TECNOLOGIA DE ALIMENTOS (NUTRIÇÃO E DIETÉTCA),0.0449438202247191,178
648,18605,BIOLOGIA - 3º ANO,0.04477611940298507,268
649,20296,ENFERMAGEM NA SAÚDE DA MULHER,0.04436860068259386,293
650,20291,ESTÁGIO SUPERVISIONADO I- FUNDAMENTOS DE ENFERMAGEM II,0.04416403785488959,317
651,20461,NUTRIÇÃO E MARKETING,0.043478260869565216,230
652,28126,HIGIENE OCUPACIONAL,0.043478260869565216,69
653,27329,TECNOLOGIA DE PESCADOS,0.0425531914893617,47
654,20304,ENFERMAGEM EM EMERGÊNCIAS,0.0425531914893617,282
655,27302,EDUCAÇÃO FÍSICA - 1º ANO,0.04145077720207254,193
656,18742,ESTÁGIO SUPERVISIONADO EM AQUICULTURA,0.0410958904109589,73
657,18633,EDUCAÇÃO FÍSICA - 2º ANO - PROEJA,0.04081632653061224,49
658,28776,ATIVIDADE INTEGRADORA DAS CIÊNCIAS DA NATUREZA E MATEMTÁTICA II,0.04,50
659,28761,BIOLOGIA - 2º EJA - EPT,0.04,50
660,28755,QUÍMICA - 2º ANO EJA - EPT,0.04,50
661,28752,GEOGRAFIA - 2º ANO EJA - EPT,0.04,50
662,28767,SOCIOLOGIA - 2º ANO EJA - EPT,0.04,50
663,28764,FILOSOFIA - 2º ANO EJA - EPT,0.04,50
664,28773,ATIVIDADE INTEGRADORA DAS CIÊNCIAS HUMANAS E SUAS TECNOLOGIAS II,0.04,50
665,28789,TÉCNICAS DE GUIAMENTO,0.04,50
666,28788,PATRIMÔNIO HISTÓRICO CULTURAL,0.04,50
667,28749,HISTÓRIA - 2º ANO EJA - EPT,0.04,50
668,28741,LÍNGUA PORTUGUESA - 2º ANO EJA -EPT,0.04,50
669,20460,ANÁLISE SENSORIAL (NUTRIÇÃO E DIETÉTICA),0.038461538461538464,182
670,27323,TECNOLOGIA DE CEREAIS E PANIFICAÇÃO,0.0375,80
671,27322,TECNOLOGIA DE FRUTAS E HORTALIÇAS,0.0375,80
672,18619,FILOSOFIA - 2º ANO,0.035175879396984924,398
673,20305,ESTÁGIO SUPERVISIONADO II- ENFERMAGEM EM EMERGÊNCIAS,0.034334763948497854,233
674,18626,ESPANHOL - 3º ANO,0.03383458646616541,266
675,18599,ARTE - 2º ANO,0.03282828282828283,396
676,27295,LINGUAGEM DA INFORMAÇÃO - 2º ANO,0.030612244897959183,98
677,27305,LÍNGUA INGLESA - 2º ANO,0.030612244897959183,98
678,27311,BIOLOGIA - 2º ANO,0.030612244897959183,98
679,27309,HISTÓRIA - 2º ANO,0.030303030303030304,99
680,28131,SEXUALIDADE NO ENVELHECIMENTO,0.030303030303030304,33
681,28138,UNIDADE CURRICULAR DE EXTENSÃO TÉCNICA II,0.030303030303030304,33
682,18596,EDUCAÇÃO FÍSICA - 2º ANO,0.030100334448160536,299
683,18601,MATEMÁTICA - 2º ANO,0.029925187032418952,401
684,20299,ESTÁGIO SUPERVISIONADO I-ENFERMAGEM NA SAÚDE DA CRIANÇA E DO ADOLESCENTE,0.02973977695167286,269
685,18602,MATEMÁTICA - 3º ANO,0.029411764705882353,306
686,20306,ENFERMAGEM EM UTI,0.029304029304029304,273
687,29402,POLÍTICAS PÚBLICAS E ENVELHECIMENTO,0.02857142857142857,35
688,28135,"CONTAÇÃO, AUDIÇÃO DE HISTÓRIA",0.027777777777777776,36
689,27366,NUTRIÇÃO E GASTRONOMIA,0.027777777777777776,36
690,18265,ESTÁGIO SUPERVISIONADO PRÓTESE FIXA I,0.02702702702702703,148
691,18597,EDUCAÇÃO FÍSICA - 3º ANO,0.026217228464419477,267
692,18199,ESTÁGIO SUPERVISIONADO III,0.02608695652173913,230
693,20301,ESTÁGIO SUPERVISIONADO I- ENFERMAGEM EM SAÚDE MENTAL,0.025830258302583026,271
694,20303,ESTÁGIO SUPERVISIONADO I-ENFERMAGEM EM SAÚDE COLETIVA,0.025179856115107913,278
695,28199,ENFERMAGEM EM SAÚDE DO ADULTO E IDOSO II,0.023809523809523808,42
696,18634,EDUCAÇÃO FÍSICA - 3º ANO - PROEJA,0.022727272727272728,44
697,20307,ESTÁGIO SUPERVISIONADO II-ENFERMAGEM EM UTI,0.022026431718061675,227
698,27307,GEOGRAFIA - 2º ANO,0.02040816326530612,98
699,28786,HISTÓRIA DO BRASIL E DA PARAÍBA,0.02,50
700,28770,ATIVIDADE INTEGRADORA DAS LINGUAGENS II,0.02,50
701,28778,ÉTICA PROFISSIONAL E RELAÇÕES PROFISSIONAIS,0.02,50
702,28737,ARTE - 2° ANO EJA - EPT,0.02,50
703,28787,ATIVIDADE INTEGRADORA II DO TEMPO COMUNIDADE OU TRABALHO,0.02,50
704,28758,FÍSICA - 2º ANO EJA - EPT,0.02,50
705,28746,MATEMÁTICA - 2º ANO EJA - EPT,0.02,50
706,28739,EDUCAÇÃO FÍSICA - 2º ANO EJA - EPT,0.02,50
707,28744,LÍNGUA INGLESA - 2º ANO EJA - EPT,0.02,50
708,20297,ESTÁGIO SUPERVISIONADO I- ENFERMAGEM NA SAÚDE DA MULHER,0.01838235294117647,272
709,27342,LÍNGUA INGLESA - 3º ANO,0.01694915254237288,59
710,28190,ENFERMAGEM EM SAÚDE COLETIVA,0.015873015873015872,63
711,27303,EDUCAÇÃO FÍSICA - 2º ANO,0.01020408163265306,98
712,20208,ESTÁGIO SUPERVISIONADO EM LABORATÓRIO II,0.006622516556291391,151
713,28915,ÉTICA E CIDADANIA,0.0,41
714,27320,EMBALAGENS PARA PRODUTOS AGROINDUSTRIAIS,0.0,77
715,27247,NOÇÕES DE PRIMEIROS SOCORROS,0.0,104
716,27244,AMBIENTAÇÃO DO ENSINO A DISTÂNCIA,0.0,104
717,27245,ÉTICA E RELAÇÕES INTERPESSOAIS,0.0,104
718,27246,NOÇÕES DE ANATOMIA E FISIOLOGIA HUMANA,0.0,104
719,18717,ESTÁGIO SUPERVISIONADO EM AGROINDÚSTRIA,0.0,235
720,27251,EMPREENDORISMO E MERCADO DO TRABALHO,0.0,104
721,27249,ERGONOMIA E PREVENÇÃO DE ACIDENTES,0.0,104
722,27250,TÉCNICAS DE TRANSPORTE DO PACIENTE,0.0,104
723,27248,BIOSSEGURANÇA EM SERVIÇOS DE SAÚDE,0.0,104
724,27300,"EDUCAÇÃO, DIREITOS HUMANOS E CIDADANIA",0.0,39
725,27341,EDUCAÇÃO FÍSICA - 3º ANO,0.0,39
726,27365,NOÇÕES DE CIÊNCIA E TECNOLOGIA DE ALIMENTOS,0.0,32
727,27333,GESTÃO AMBIENTAL,0.0,45
728,27330,GESTÃO AGROINDUSTRIAL,0.0,42
729,22885,TRABALHO DE CONCLUSÃO DE CURSO - TCC,0.0,156
730,18690,ESTÁGIO SUPERVISIONADO EM AGROPECUÁRIA,0.0,381
